Country,Combined,Male,Female
Australia,12.8,15.3,10.3
Austria,7.9,9.2,6.6
Bahrain,6.4,7.7,5.1
Belgium,10.3,12,8.6
Brunei,8.6,10.3,6.9
Canada,11.75,13.7,9.8
Cyprus,9.15,9.7,8.6
Czechia,7.6,8.7,6.5
Denmark,10.75,12.9,8.6
Estonia,7.9,9,5.8
France,10.05,12.2,7.9
Germany,8.7,10.4,7
Iceland,9.1,10.9,7.3
Ireland,10.6,12.1,9.1
Israel,15.3,17.6,13
Italy,10.9,12.9,8.9
Japan,7.4,8.7,6.1
Kuwait,6.25,6.4,6.1
Lithuania,6.45,7.5,5.4
Malta,10.95,11.3,10.6
Netherlands,10.25,12.3,8.2
New Zealand,11.15,13.1,9.2
Norway,10.75,12.5,9
Portugal,10.5,13.3,7.7
Qatar,7,9.1,4.9
Saudi Arabia,5.95,6,5.9
Slovenia,7,7.9,6.1
South Korea,5.3,6.5,4.1
Spain,8.9,10.4,7.4
Switzerland,9.7,11.5,7.9
United Kingdom,10.75,12.5,9
United States,12.25,14.5,10