Country,Combined,Male,Female
Algeria,3.7,4.3,3.1
Argentina,5.7,6.6,4.8
Belarus,4.7,5.5,3.9
Brazil,6.6,8,5.2
Bulgaria,4.4,5,3.8
Chile,4.65,5.3,4
China,4.1,4.8,3.4
Colombia,6.75,7.6,5.9
Costa Rica,6.2,7.2,5.2
Croatia,6.5,7.4,5.6
Ecuador,7.1,7.7,6.5
India,2.9,3.5,2.3
Iran,4.9,6.6,3.2
Jamaica,5.35,5.7,5
Jordan,5.25,5.4,5.1
Kenya,4.85,5.5,4.2
Latvia,6.15,6.9,5.4
Malaysia,5.9,6.7,5.1
Peru,10.2,11.6,8.8
Philippines,3.85,4.5,3.2
Poland,4.95,5.8,4.1
Russia,4.35,5.1,3.6
Seychelles,7.4,7.6,7.2
Slovakia,6.85,7.7,6
South Africa,1.3,1.6,1
Thailand,5.5,6.4,4.6
Turkey,6.15,7.2,5.1
Uganda,6.1,7,5.2
Ukraine,3.7,4.5,2.9
Uruguay,8.5,10.2,6.8
Vietnam,2.85,3.6,2.1
Zimbabwe,13.2,15.3,11.1