Country,Combined,Male,Female
Algeria,3.7,4.3,3.1
Argentina,5.7,6.6,4.8
Australia,12.8,15.3,10.3
Austria,7.9,9.2,6.6
Bahrain,6.4,7.7,5.1
Belarus,4.7,5.5,3.9
Belgium,10.3,12,8.6
Brazil,6.6,8,5.2
Brunei,8.6,10.3,6.9
Bulgaria,4.4,5,3.8
Canada,11.75,13.7,9.8
Chile,4.65,5.3,4
China,4.1,4.8,3.4
Colombia,6.75,7.6,5.9
Costa Rica,6.2,7.2,5.2
Croatia,6.5,7.4,5.6
Cyprus,9.15,9.7,8.6
Czechia,7.6,8.7,6.5
Denmark,10.75,12.9,8.6
Ecuador,7.1,7.7,6.5
Estonia,7.9,9,5.8
France,10.05,12.2,7.9
Germany,8.7,10.4,7
Iceland,9.1,10.9,7.3
India,2.9,3.5,2.3
Iran,4.9,6.6,3.2
Ireland,10.6,12.1,9.1
Israel,15.3,17.6,13
Italy,10.9,12.9,8.9
Jamaica,5.35,5.7,5
Japan,7.4,8.7,6.1
Jordan,5.25,5.4,5.1
Kenya,4.85,5.5,4.2
Kuwait,6.25,6.4,6.1
Latvia,6.15,6.9,5.4
Lithuania,6.45,7.5,5.4
Malaysia,5.9,6.7,5.1
Malta,10.95,11.3,10.6
Netherlands,10.25,12.3,8.2
New Zealand,11.15,13.1,9.2
Norway,10.75,12.5,9
Peru,10.2,11.6,8.8
Philippines,3.85,4.5,3.2
Poland,4.95,5.8,4.1
Portugal,10.5,13.3,7.7
Qatar,7,9.1,4.9
Russia,4.35,5.1,3.6
Saudi Arabia,5.95,6,5.9
Seychelles,7.4,7.6,7.2
Slovakia,6.85,7.7,6
Slovenia,7,7.9,6.1
South Africa,1.3,1.6,1
South Korea,5.3,6.5,4.1
Spain,8.9,10.4,7.4
Switzerland,9.7,11.5,7.9
Thailand,5.5,6.4,4.6
Turkey,6.15,7.2,5.1
Uganda,6.1,7,5.2
Ukraine,3.7,4.5,2.9
United Kingdom,10.75,12.5,9
United States,12.25,14.5,10
Uruguay,8.5,10.2,6.8
Vietnam,2.85,3.6,2.1
Zimbabwe,13.2,15.3,11.1