Algeria,"4,273.90"
Argentina,1.3686
Australia,6.44914
Austria,5.21314
Bahrain,3.0152
Belarus,0.79049
Belgium,4.95828
Brazil,0.89177
Brunei,3.71525
Bulgaria,1.37725
Canada,5.49665
Chile,1.53555
China,1.27202
Colombia,0.66303
Costa Rica,1.31988
Croatia,1.84132
Cyprus,3.12835
Czechia,2.76384
Denmark,6.69831
Ecuador,0.63913
Estonia,2.83326
France,4.09638
Germany,4.84325
Iceland,7.2903
India,0.23886
Iran,0.43878
Ireland,10.40389
Israel,5.46598
Italy,3.4158
Jamaica,0.60472
Japan,3.38153
Jordan,0.42045
Kenya,0.20993
Kuwait,4.32335
Latvia,2.18511
Lithuania,2.48268
Malaysia,1.19719
Malta,3.39409
Netherlands,5.59854
New Zealand,4.82493
Norway,10.61488
Peru,0.71258
Philippines,0.34985
Poland,1.83213
Portugal,2.42745
Qatar,8.80463
Russia,1.53451
Saudi Arabia,3.04363
Seychelles,1.58745
Slovakia,2.12581
Slovenia,2.94574
South Africa,0.67765
South Korea,3.22546
Spain,2.93502
Switzerland,9.21015
Thailand,0.69088
Turkey,1.06161
Uganda,0.09642
Ukraine,0.4534
United Kingdom,4.58504
United States,7.63986
Uruguay,2.0795
Vietnam,0.41635
Zimbabwe,0.1267