﻿Area,Value
Algeria,286.32
Argentina,228429.21
Australia,43788.62
Austria,1155
Bahrain,2.06
Belarus,603.44
Belgium,2456.01
Brazil,407462.73
Brunei Darussalam,285.62
Bulgaria,2451
Canada,72190
Chile,2702.82
China,101467.34
Colombia,17752
Costa Rica,807.6
Croatia,713
Cyprus,167.8
Czechia,1738
Denmark,2253.89
Ecuador,6610.94
Estonia,607.33
France,30311.5
Germany,16088.5
Iceland,0.59
India,9749.17
Iran (Islamic Republic of),884
Ireland,2346.13
Israel,1549
Italy,5491
Jamaica,586.29
Japan,13766
Jordan,61
Kenya,2000.63
Kuwait,47.28
Latvia,1188.04
Lithuania,1317.3
Malaysia,31246.36
Malta,2.06
Netherlands (Kingdom of the),2607
New Zealand,2914
Norway,525
Peru,4812.67
Philippines,12526.67
Poland,14354
Portugal,2351.71
Qatar,0
Republic of Korea,5960
Russian Federation,43158.05
Saudi Arabia,817.82
Seychelles,101.46
Slovakia,866
Slovenia,195
South Africa,15026.64
Spain,18388.09
Switzerland,480.71
Thailand,10980.64
Türkiye,13320
Uganda,735.77
Ukraine,19245
United Kingdom of Great Britain and Northern Ireland,7138.14
United States of America,286947.05
Uruguay,13573.64
Viet Nam,10414.65
Zimbabwe,549.41
