﻿Area,Value
Algeria,366.99
Argentina,6076.93
Australia,14195.54
Austria,2559
Bahrain,8.04
Belarus,30.46
Belgium,2456.01
Brazil,122182.35
Brunei Darussalam,19.81
Bulgaria,345
Canada,3143
Chile,2311.71
China,66077.19
Colombia,5329
Costa Rica,1386.82
Croatia,76
Cyprus,132.6
Czechia,61
Denmark,60.03
Ecuador,3688.41
Estonia,8.45
France,6843.72
Germany,20694.94
Iceland,0.11
India,31731.2
Iran (Islamic Republic of),2015
Ireland,22.11
Israel,679
Italy,9174
Jamaica,539.48
Japan,14588
Jordan,730
Kenya,1078.63
Kuwait,661.92
Latvia,30.73
Lithuania,33.5
Malaysia,7308.87
Malta,0.59
Netherlands (Kingdom of the),2561
New Zealand,303
Norway,16
Peru,1929.37
Philippines,6995.76
Poland,650
Portugal,295.13
Qatar,946.29
Republic of Korea,5286
Russian Federation,14273.61
Saudi Arabia,660.55
Seychelles,141.82
Slovakia,69
Slovenia,49
South Africa,9772.31
Spain,9882.32
Switzerland,442.84
Thailand,2235.1
Türkiye,13413
Uganda,3862.79
Ukraine,1542
United Kingdom of Great Britain and Northern Ireland,325.58
United States of America,73771.8
Uruguay,767.99
Viet Nam,25267.7
Zimbabwe,1092.25
