Lower Half:,
Algeria,0.42739
Argentina,1.3686
Belarus,0.79049
Brazil,0.89177
Bulgaria,1.37725
Chile,1.53555
China,1.27202
Colombia,0.66303
Costa Rica,1.31988
Croatia,1.84132
Ecuador,0.63913
India,0.23886
Iran,0.43878
Jamaica,0.60472
Jordan,0.42045
Kenya,0.20993
Latvia,2.18511
Malaysia,1.19719
Peru,0.71258
Philippines,0.34985
Poland,1.83213
Russia,1.53451
Seychelles,1.58745
Slovakia,2.12581
South Africa,0.67765
Thailand,0.69088
Turkey,1.06161
Uganda,0.09642
Ukraine,0.4534
Uruguay,2.0795
Vietnam,0.41635
Zimbabwe,0.1267