Upper Half:,
Australia,6.44914
Austria,5.21314
Bahrain,3.0152
Belgium,4.95828
Brunei,3.71525
Canada,5.49665
Cyprus,3.12835
Czechia,2.76384
Denmark,6.69831
Estonia,2.83326
France,4.09638
Germany,4.84325
Iceland,7.2903
Ireland,10.40389
Israel,5.46598
Italy,3.4158
Japan,3.38153
Kuwait,4.32335
Lithuania,2.48268
Malta,3.39409
Netherlands,5.59854
New Zealand,4.82493
Norway,10.61488
Portugal,2.42745
Qatar,8.80463
Saudi Arabia,3.04363
Slovenia,2.94574
South Korea,3.22546
Spain,2.93502
Switzerland,9.21015
United Kingdom,4.58504
United States,7.63986